transaction_id,date,customer_name,product_line,amount,region,sales_rep
TXN-00001,2024-01-05,Granite Industries,Technical Services,6346.53,West,Laura Wright
TXN-00002,2024-01-05,Frontier Chemical,Industrial Products,50958.92,South,Karen Nelson
TXN-00003,2024-01-05,Imperial Manufacturing,Industrial Products,2938.29,South,Laura Wright
TXN-00004,2024-01-05,BlueStar Energy,Safety & Compliance,3217.77,South,Karen Nelson
TXN-00005,2024-01-06,Harbor Foods,Industrial Products,36545.17,West,Emily Taylor
TXN-00006,2024-01-07,Windward Foods,Technical Services,5304.65,Midwest,Laura Wright
TXN-00007,2024-01-08,Jupiter Foods,Technical Services,3805.67,South,Sarah Chen
TXN-00008,2024-01-08,Oakridge Chemical,Technical Services,49989.71,South,Laura Wright
TXN-00009,2024-01-09,Gateway Mining,Industrial Products,21394.73,South,Emily Taylor
TXN-00010,2024-01-09,Olympus Mining,Industrial Products,5036.31,South,Laura Wright
TXN-00011,2024-01-09,Redwood Energy,Technical Services,9643.18,West,Karen Nelson
TXN-00012,2024-01-09,Granite Industries,Industrial Products,46120.77,Midwest,Karen Nelson
TXN-00013,2024-01-10,Granite Industries,Industrial Products,11977.41,Northeast,Emily Taylor
TXN-00014,2024-01-11,Apex Manufacturing,Industrial Products,27207.29,West,Amanda Clark
TXN-00015,2024-01-11,BlueStar Energy,Industrial Products,15426.51,South,Karen Nelson
TXN-00016,2024-01-12,Zenith Manufacturing,Safety & Compliance,19613.33,Midwest,Sarah Chen
TXN-00017,2024-01-12,Canyon Construction,Industrial Products,7110.12,West,Emily Taylor
TXN-00018,2024-01-12,Eagle Transport,Industrial Products,8176.99,Northeast,Laura Wright
TXN-00019,2024-01-13,Upland Chemical,Industrial Products,8528.1,Midwest,Laura Wright
TXN-00020,2024-01-13,Summit Construction,Technical Services,14582.28,South,Sarah Chen
TXN-00021,2024-01-14,Granite Industries,Technical Services,6459.76,South,Karen Nelson
TXN-00022,2024-01-14,Summit Construction,Industrial Products,8934.21,South,Emily Taylor
TXN-00023,2024-01-15,Summit Construction,Safety & Compliance,6321.57,Northeast,Sarah Chen
TXN-00024,2024-01-15,BlueStar Energy,Technical Services,8688.81,Midwest,Karen Nelson
TXN-00025,2024-01-16,Frontier Chemical,Safety & Compliance,55396.02,Midwest,Laura Wright
TXN-00026,2024-01-16,Gateway Mining,Safety & Compliance,2978.58,West,Emily Taylor
TXN-00027,2024-01-17,Ironclad Industries,Industrial Products,4508.18,West,Emily Taylor
TXN-00028,2024-01-19,Jupiter Foods,Industrial Products,5931.75,West,Amanda Clark
TXN-00029,2024-01-19,Harbor Foods,Industrial Products,4112.69,South,Emily Taylor
TXN-00030,2024-01-19,Lakeview Medical,Industrial Products,13260.79,Northeast,Amanda Clark
TXN-00031,2024-01-20,Ironclad Industries,Safety & Compliance,6927.11,South,Emily Taylor
TXN-00032,2024-01-21,BlueStar Energy,Industrial Products,3747.91,Midwest,Amanda Clark
TXN-00033,2024-01-21,Keystone Materials,Industrial Products,13704.87,West,Laura Wright
TXN-00034,2024-01-22,Delta Healthcare,Safety & Compliance,17554.77,South,Karen Nelson
TXN-00035,2024-01-22,Delta Healthcare,Technical Services,8833.1,Midwest,Amanda Clark
TXN-00036,2024-01-23,BlueStar Energy,Industrial Products,4765.22,Midwest,Amanda Clark
TXN-00037,2024-01-23,Harbor Foods,Industrial Products,46763.24,Midwest,Laura Wright
TXN-00038,2024-01-24,Granite Industries,Industrial Products,12763.89,Northeast,Amanda Clark
TXN-00039,2024-01-26,Frontier Chemical,Safety & Compliance,2924.11,Northeast,Sarah Chen
TXN-00040,2024-01-27,Gateway Mining,Industrial Products,25115.3,South,Laura Wright
TXN-00041,2024-01-27,Yellowstone Energy,Industrial Products,3994.3,South,Sarah Chen
TXN-00042,2024-01-27,Delta Healthcare,Technical Services,87188.2,South,Laura Wright
TXN-00043,2024-01-27,Quest Manufacturing,Industrial Products,9931.71,Midwest,Amanda Clark
TXN-00044,2024-01-29,Pacific Transport,Technical Services,17816.78,South,Sarah Chen
TXN-00045,2024-01-29,Keystone Materials,Technical Services,1534.54,West,Amanda Clark
TXN-00046,2024-01-29,Summit Construction,Industrial Products,2900.64,Northeast,Laura Wright
TXN-00047,2024-01-30,Canyon Construction,Safety & Compliance,23024.88,Midwest,Amanda Clark
TXN-00048,2024-01-30,Westfield Foods,Technical Services,8881.57,Northeast,Sarah Chen
TXN-00049,2024-01-31,Harbor Foods,Industrial Products,47747.36,Midwest,Sarah Chen
TXN-00050,2024-01-31,Quest Manufacturing,Technical Services,13737.74,West,Amanda Clark
TXN-00051,2024-02-01,Pacific Transport,Technical Services,27128.5,South,Laura Wright
TXN-00052,2024-02-01,Canyon Construction,Safety & Compliance,8897.09,South,Emily Taylor
TXN-00053,2024-02-02,Vanguard Mining,Industrial Products,15453.5,Midwest,Laura Wright
TXN-00054,2024-02-02,Apex Manufacturing,Safety & Compliance,6925.68,South,Amanda Clark
TXN-00055,2024-02-02,Harbor Foods,Industrial Products,3300.93,South,Emily Taylor
TXN-00056,2024-02-02,Falcon Mining,Industrial Products,1187.91,Northeast,Sarah Chen
TXN-00057,2024-02-05,Liberty Healthcare,Industrial Products,6851.27,South,Karen Nelson
TXN-00058,2024-02-06,Gateway Mining,Industrial Products,2666.21,Midwest,Karen Nelson
TXN-00059,2024-02-07,Jupiter Foods,Safety & Compliance,64741.89,South,Amanda Clark
TXN-00060,2024-02-07,Vertex Energy,Industrial Products,5779.22,West,Emily Taylor
TXN-00061,2024-02-07,Noble Transport,Industrial Products,5654.2,Midwest,Emily Taylor
TXN-00062,2024-02-08,BlueStar Energy,Safety & Compliance,2759.39,Midwest,Laura Wright
TXN-00063,2024-02-09,Falcon Mining,Industrial Products,7530.43,Midwest,Sarah Chen
TXN-00064,2024-02-10,Northwind Construction,Industrial Products,7881.41,West,Sarah Chen
TXN-00065,2024-02-10,Gateway Mining,Industrial Products,5476.02,West,Emily Taylor
TXN-00066,2024-02-10,Zephyr Transport,Industrial Products,32538.64,South,Karen Nelson
TXN-00067,2024-02-11,BlueStar Energy,Industrial Products,9252.7,Midwest,Sarah Chen
TXN-00068,2024-02-12,Evergreen Chemical,Technical Services,6184.14,Midwest,Amanda Clark
TXN-00069,2024-02-12,Gateway Mining,Industrial Products,15198.32,Midwest,Emily Taylor
TXN-00070,2024-02-12,Zephyr Transport,Industrial Products,5642.81,South,Amanda Clark
TXN-00071,2024-02-12,Windward Foods,Safety & Compliance,13818.52,Northeast,Emily Taylor
TXN-00072,2024-02-12,Zenith Manufacturing,Technical Services,33892.12,Midwest,Laura Wright
TXN-00073,2024-02-13,Canyon Construction,Industrial Products,9952.12,South,Amanda Clark
TXN-00074,2024-02-14,Beacon Medical,Technical Services,6486.37,Midwest,Amanda Clark
TXN-00075,2024-02-14,BlueStar Energy,Industrial Products,4345.93,South,Karen Nelson
TXN-00076,2024-02-15,Delta Healthcare,Industrial Products,2853.49,South,Karen Nelson
TXN-00077,2024-02-15,Liberty Healthcare,Technical Services,10806.94,South,Emily Taylor
TXN-00078,2024-02-15,Apex Manufacturing,Technical Services,6502.23,South,Amanda Clark
TXN-00079,2024-02-16,Harbor Foods,Safety & Compliance,18912.07,Northeast,Amanda Clark
TXN-00080,2024-02-16,Windward Foods,Industrial Products,11002.22,South,Amanda Clark
TXN-00081,2024-02-19,Gateway Mining,Safety & Compliance,8629.74,West,Laura Wright
TXN-00082,2024-02-19,Frontier Chemical,Industrial Products,4781.31,Midwest,Amanda Clark
TXN-00083,2024-02-20,Quest Manufacturing,Technical Services,11788.16,South,Laura Wright
TXN-00084,2024-02-20,Silverstone Medical,Safety & Compliance,5535.28,South,Sarah Chen
TXN-00085,2024-02-20,BlueStar Energy,Technical Services,13066.99,Midwest,Karen Nelson
TXN-00086,2024-02-20,Granite Industries,Safety & Compliance,7313.16,West,Sarah Chen
TXN-00087,2024-02-20,Zephyr Transport,Industrial Products,5426.71,Midwest,Karen Nelson
TXN-00088,2024-02-21,Zenith Manufacturing,Technical Services,12167.84,West,Amanda Clark
TXN-00089,2024-02-22,Gateway Mining,Technical Services,3579.51,Midwest,Amanda Clark
TXN-00090,2024-02-22,Eagle Transport,Technical Services,12799.8,South,Amanda Clark
TXN-00091,2024-02-24,Liberty Healthcare,Technical Services,50962.21,South,Karen Nelson
TXN-00092,2024-02-24,Pinnacle Energy,Industrial Products,14157.76,Midwest,Amanda Clark
TXN-00093,2024-02-24,Quantum Manufacturing,Industrial Products,2497.68,South,Sarah Chen
TXN-00094,2024-02-24,Eagle Transport,Technical Services,9338.49,West,Amanda Clark
TXN-00095,2024-02-24,BlueStar Energy,Industrial Products,2154.06,Northeast,Laura Wright
TXN-00096,2024-02-26,Evergreen Chemical,Technical Services,48462.22,Midwest,Amanda Clark
TXN-00097,2024-02-26,Jetstream Logistics,Safety & Compliance,4649.39,South,Amanda Clark
TXN-00098,2024-02-26,BlueStar Energy,Safety & Compliance,99821.65,West,Sarah Chen
TXN-00099,2024-02-27,Delta Healthcare,Safety & Compliance,5959.18,Midwest,Sarah Chen
TXN-00100,2024-02-27,Westfield Foods,Technical Services,2276.22,Midwest,Emily Taylor
TXN-00101,2024-02-27,Ridgeline Construction,Industrial Products,1344.08,South,Emily Taylor
TXN-00102,2024-02-27,Falcon Mining,Safety & Compliance,4013.03,Midwest,Karen Nelson
TXN-00103,2024-02-28,Falcon Mining,Safety & Compliance,10299.86,South,Sarah Chen
TXN-00104,2024-02-28,Jetstream Logistics,Technical Services,8817.94,South,Laura Wright
TXN-00105,2024-02-28,Titan Healthcare,Industrial Products,6817.04,South,Karen Nelson
TXN-00106,2024-02-29,Keller Construction,Technical Services,11197.86,Midwest,Amanda Clark
TXN-00107,2024-02-29,Maverick Chemical,Industrial Products,3181.11,South,Sarah Chen
TXN-00108,2024-03-02,Eagle Transport,Industrial Products,3479.87,Northeast,Amanda Clark
TXN-00109,2024-03-02,Apex Manufacturing,Safety & Compliance,10084.91,Midwest,Karen Nelson
TXN-00110,2024-03-02,Falcon Mining,Safety & Compliance,5624.96,West,Amanda Clark
TXN-00111,2024-03-02,BlueStar Energy,Safety & Compliance,16370.54,Northeast,Laura Wright
TXN-00112,2024-03-03,Gateway Mining,Technical Services,9590.01,South,Amanda Clark
TXN-00113,2024-03-05,Apex Manufacturing,Industrial Products,36026.23,Midwest,Laura Wright
TXN-00114,2024-03-06,Beacon Medical,Industrial Products,15621.23,Midwest,Karen Nelson
TXN-00115,2024-03-07,Zenith Manufacturing,Industrial Products,7658.21,West,Sarah Chen
TXN-00116,2024-03-07,Zephyr Transport,Industrial Products,9190.17,West,Laura Wright
TXN-00117,2024-03-07,Canyon Construction,Industrial Products,23512.62,Northeast,Karen Nelson
TXN-00118,2024-03-09,BlueStar Energy,Industrial Products,32372.24,South,Laura Wright
TXN-00119,2024-03-11,BlueStar Energy,Industrial Products,5987.12,South,Emily Taylor
TXN-00120,2024-03-13,Gateway Mining,Safety & Compliance,15059.21,Northeast,Emily Taylor
TXN-00121,2024-03-13,Olympus Mining,Industrial Products,7858.35,Midwest,Emily Taylor
TXN-00122,2024-03-13,Delta Healthcare,Safety & Compliance,7843.28,South,Amanda Clark
TXN-00123,2024-03-13,Harbor Foods,Technical Services,2703.67,Midwest,Emily Taylor
TXN-00124,2024-03-13,Apex Manufacturing,Industrial Products,4373.12,Midwest,Laura Wright
TXN-00125,2024-03-14,Highland Energy,Industrial Products,3856.0,South,Amanda Clark
TXN-00126,2024-03-16,Ironclad Industries,Industrial Products,11080.88,Midwest,Karen Nelson
TXN-00127,2024-03-17,Granite Industries,Industrial Products,15829.74,West,Sarah Chen
TXN-00128,2024-03-18,Ridgeline Construction,Technical Services,7511.55,South,Emily Taylor
TXN-00129,2024-03-19,Zenith Manufacturing,Safety & Compliance,13349.99,Northeast,Sarah Chen
TXN-00130,2024-03-19,Quest Manufacturing,Safety & Compliance,16152.18,West,Karen Nelson
TXN-00131,2024-03-19,Eagle Transport,Industrial Products,9737.14,Northeast,Karen Nelson
TXN-00132,2024-03-19,Keller Construction,Industrial Products,8607.12,Northeast,Laura Wright
TXN-00133,2024-03-19,Apex Manufacturing,Industrial Products,3600.62,West,Sarah Chen
TXN-00134,2024-03-20,Pinnacle Energy,Technical Services,1782.84,Midwest,Emily Taylor
TXN-00135,2024-03-20,Apex Manufacturing,Industrial Products,6460.83,Northeast,Laura Wright
TXN-00136,2024-03-22,Canyon Construction,Safety & Compliance,3401.12,Northeast,Sarah Chen
TXN-00137,2024-03-22,Ironclad Industries,Safety & Compliance,7112.23,South,Karen Nelson
TXN-00138,2024-03-22,Harbor Foods,Technical Services,5450.25,South,Emily Taylor
TXN-00139,2024-03-22,Eagle Transport,Safety & Compliance,7807.68,South,Emily Taylor
TXN-00140,2024-03-22,Ironclad Industries,Industrial Products,6223.38,Midwest,Karen Nelson
TXN-00141,2024-03-24,Canyon Construction,Safety & Compliance,5980.92,South,Karen Nelson
TXN-00142,2024-03-25,Jetstream Logistics,Safety & Compliance,16703.8,West,Sarah Chen
TXN-00143,2024-03-26,Jupiter Foods,Industrial Products,14552.31,South,Amanda Clark
TXN-00144,2024-03-27,Northwind Construction,Technical Services,4614.16,South,Emily Taylor
TXN-00145,2024-03-28,Apex Manufacturing,Safety & Compliance,5195.58,Northeast,Sarah Chen
TXN-00146,2024-03-29,Jetstream Logistics,Industrial Products,13810.66,Midwest,Karen Nelson
TXN-00147,2024-03-29,Apex Manufacturing,Technical Services,11996.09,South,Sarah Chen
TXN-00148,2024-03-30,Vertex Energy,Safety & Compliance,5998.7,Northeast,Karen Nelson
TXN-00149,2024-03-30,Canyon Construction,Technical Services,6719.76,West,Laura Wright
TXN-00150,2024-03-31,Dominion Transport,Industrial Products,34706.69,South,Karen Nelson
TXN-00151,2024-04-01,Windward Foods,Technical Services,5068.3,Northeast,Karen Nelson
TXN-00152,2024-04-02,Liberty Healthcare,Industrial Products,31765.14,West,Karen Nelson
TXN-00153,2024-04-03,Windward Foods,Technical Services,4163.97,Northeast,Emily Taylor
TXN-00154,2024-04-03,Maverick Chemical,Industrial Products,31494.75,Northeast,Karen Nelson
TXN-00155,2024-04-03,Cascade Power,Technical Services,19593.12,South,Amanda Clark
TXN-00156,2024-04-04,Xenon Industries,Technical Services,8497.07,Northeast,Emily Taylor
TXN-00157,2024-04-05,Summit Construction,Technical Services,5657.11,South,Sarah Chen
TXN-00158,2024-04-06,Xenon Industries,Technical Services,16964.59,South,Amanda Clark
TXN-00159,2024-04-07,Quantum Manufacturing,Technical Services,4373.57,Northeast,Sarah Chen
TXN-00160,2024-04-08,Yellowstone Energy,Technical Services,14544.56,South,Emily Taylor
TXN-00161,2024-04-08,Keystone Materials,Industrial Products,16032.95,Midwest,Emily Taylor
TXN-00162,2024-04-08,Delta Healthcare,Technical Services,7797.64,Northeast,Laura Wright
TXN-00163,2024-04-08,BlueStar Energy,Industrial Products,22900.82,Northeast,Karen Nelson
TXN-00164,2024-04-09,Eagle Transport,Industrial Products,15436.83,Midwest,Sarah Chen
TXN-00165,2024-04-09,Apex Manufacturing,Industrial Products,6545.67,South,Sarah Chen
TXN-00166,2024-04-09,Apex Manufacturing,Safety & Compliance,10156.87,West,Emily Taylor
TXN-00167,2024-04-10,Titan Healthcare,Technical Services,5451.1,West,Karen Nelson
TXN-00168,2024-04-11,Frontier Chemical,Technical Services,14543.75,South,Karen Nelson
TXN-00169,2024-04-11,Liberty Healthcare,Industrial Products,13725.27,South,Laura Wright
TXN-00170,2024-04-12,Pinnacle Energy,Technical Services,19349.05,West,Sarah Chen
TXN-00171,2024-04-12,BlueStar Energy,Technical Services,8367.64,Midwest,Amanda Clark
TXN-00172,2024-04-12,Eagle Transport,Technical Services,7078.46,Northeast,Sarah Chen
TXN-00173,2024-04-12,Evergreen Chemical,Technical Services,27983.42,Northeast,Karen Nelson
TXN-00174,2024-04-12,Vanguard Mining,Industrial Products,3316.72,South,Sarah Chen
TXN-00175,2024-04-12,Apex Manufacturing,Technical Services,3174.56,Northeast,Karen Nelson
TXN-00176,2024-04-12,Pinnacle Energy,Technical Services,16830.97,South,Emily Taylor
TXN-00177,2024-04-13,Gateway Mining,Technical Services,12366.82,South,Emily Taylor
TXN-00178,2024-04-16,Zephyr Transport,Industrial Products,14534.19,Midwest,Amanda Clark
TXN-00179,2024-04-16,Gateway Mining,Technical Services,5470.47,West,Sarah Chen
TXN-00180,2024-04-17,Xenon Industries,Industrial Products,32101.7,West,Laura Wright
TXN-00181,2024-04-17,Quantum Manufacturing,Industrial Products,69716.96,Midwest,Emily Taylor
TXN-00182,2024-04-17,Maverick Chemical,Industrial Products,2153.54,Midwest,Karen Nelson
TXN-00183,2024-04-18,Frontier Chemical,Industrial Products,6665.0,Northeast,Amanda Clark
TXN-00184,2024-04-19,Jetstream Logistics,Technical Services,5387.43,South,Sarah Chen
TXN-00185,2024-04-19,Frontier Chemical,Industrial Products,29098.99,South,Emily Taylor
TXN-00186,2024-04-19,Jupiter Foods,Safety & Compliance,1113.17,West,Sarah Chen
TXN-00187,2024-04-20,Titan Healthcare,Industrial Products,11947.9,West,Sarah Chen
TXN-00188,2024-04-22,Delta Healthcare,Industrial Products,32310.66,Northeast,Laura Wright
TXN-00189,2024-04-22,Zenith Manufacturing,Safety & Compliance,6598.2,Northeast,Sarah Chen
TXN-00190,2024-04-22,Eagle Transport,Technical Services,25539.24,South,Laura Wright
TXN-00191,2024-04-24,Quantum Manufacturing,Industrial Products,6143.87,Midwest,Amanda Clark
TXN-00192,2024-04-24,Northwind Construction,Industrial Products,10611.02,Midwest,Karen Nelson
TXN-00193,2024-04-24,Falcon Mining,Technical Services,1946.33,Northeast,Emily Taylor
TXN-00194,2024-04-25,Apex Manufacturing,Safety & Compliance,5588.62,West,Amanda Clark
TXN-00195,2024-04-26,Olympus Mining,Technical Services,3224.71,South,Amanda Clark
TXN-00196,2024-04-26,Apex Manufacturing,Safety & Compliance,17346.54,Northeast,Sarah Chen
TXN-00197,2024-04-26,Upland Chemical,Industrial Products,2533.25,Northeast,Laura Wright
TXN-00198,2024-04-27,Apex Manufacturing,Technical Services,38158.55,Northeast,Emily Taylor
TXN-00199,2024-04-28,BlueStar Energy,Technical Services,5954.79,South,Laura Wright
TXN-00200,2024-04-28,Cascade Power,Technical Services,38958.73,South,Sarah Chen
TXN-00201,2024-04-29,Ridgeline Construction,Industrial Products,12119.35,West,Laura Wright
TXN-00202,2024-04-30,Canyon Construction,Technical Services,14170.83,Northeast,Emily Taylor
TXN-00203,2024-04-30,Lakeview Medical,Technical Services,8794.97,Northeast,Emily Taylor
TXN-00204,2024-04-30,Gateway Mining,Technical Services,21960.15,West,Emily Taylor
TXN-00205,2024-05-01,Keystone Materials,Safety & Compliance,11233.03,Northeast,Karen Nelson
TXN-00206,2024-05-01,Upland Chemical,Industrial Products,5918.5,Midwest,Emily Taylor
TXN-00207,2024-05-01,Jupiter Foods,Safety & Compliance,10614.45,Midwest,Sarah Chen
TXN-00208,2024-05-01,Canyon Construction,Industrial Products,9736.54,Midwest,Sarah Chen
TXN-00209,2024-05-01,Canyon Construction,Safety & Compliance,11528.03,South,Karen Nelson
TXN-00210,2024-05-02,Yellowstone Energy,Safety & Compliance,3907.15,Midwest,Karen Nelson
TXN-00211,2024-05-02,Beacon Medical,Technical Services,8012.6,Midwest,Amanda Clark
TXN-00212,2024-05-03,Canyon Construction,Industrial Products,5963.75,Northeast,Karen Nelson
TXN-00213,2024-05-03,Eagle Transport,Safety & Compliance,4976.11,West,Emily Taylor
TXN-00214,2024-05-03,Imperial Manufacturing,Industrial Products,2752.56,South,Sarah Chen
TXN-00215,2024-05-04,Vertex Energy,Technical Services,8326.89,South,Emily Taylor
TXN-00216,2024-05-05,Eagle Transport,Technical Services,4990.96,Northeast,Amanda Clark
TXN-00217,2024-05-08,Frontier Chemical,Technical Services,6670.4,South,Emily Taylor
TXN-00218,2024-05-09,Frontier Chemical,Safety & Compliance,3147.83,West,Laura Wright
TXN-00219,2024-05-09,Windward Foods,Technical Services,16123.2,West,Emily Taylor
TXN-00220,2024-05-09,Meridian Power,Industrial Products,19150.79,South,Emily Taylor
TXN-00221,2024-05-10,Ironclad Industries,Industrial Products,12885.2,Northeast,Amanda Clark
TXN-00222,2024-05-10,Quest Manufacturing,Safety & Compliance,8808.46,South,Emily Taylor
TXN-00223,2024-05-11,Apex Manufacturing,Industrial Products,26871.94,South,Emily Taylor
TXN-00224,2024-05-11,Apex Manufacturing,Industrial Products,24502.15,South,Emily Taylor
TXN-00225,2024-05-11,Vanguard Mining,Industrial Products,2322.14,South,Sarah Chen
TXN-00226,2024-05-13,Ridgeline Construction,Industrial Products,15774.42,West,Laura Wright
TXN-00227,2024-05-13,Eagle Transport,Safety & Compliance,22295.89,South,Sarah Chen
TXN-00228,2024-05-14,Meridian Power,Industrial Products,10774.83,Northeast,Laura Wright
TXN-00229,2024-05-15,Keystone Materials,Industrial Products,6196.07,South,Emily Taylor
TXN-00230,2024-05-15,Meridian Power,Industrial Products,64246.15,West,Amanda Clark
TXN-00231,2024-05-16,Meridian Power,Technical Services,45297.06,West,Karen Nelson
TXN-00232,2024-05-16,Keystone Materials,Industrial Products,23351.72,Midwest,Emily Taylor
TXN-00233,2024-05-16,Xenon Industries,Technical Services,13337.97,Midwest,Karen Nelson
TXN-00234,2024-05-17,Meridian Power,Industrial Products,11746.47,Northeast,Sarah Chen
TXN-00235,2024-05-17,United Chemical,Safety & Compliance,4331.72,South,Amanda Clark
TXN-00236,2024-05-18,Redwood Energy,Industrial Products,7948.32,Midwest,Laura Wright
TXN-00237,2024-05-20,Noble Transport,Technical Services,6632.34,Northeast,Emily Taylor
TXN-00238,2024-05-20,Apex Manufacturing,Industrial Products,2606.77,Midwest,Amanda Clark
TXN-00239,2024-05-20,Maverick Chemical,Safety & Compliance,15677.58,South,Amanda Clark
TXN-00240,2024-05-21,Maverick Chemical,Industrial Products,32651.44,South,Laura Wright
TXN-00241,2024-05-22,Frontier Chemical,Technical Services,6382.77,Northeast,Amanda Clark
TXN-00242,2024-05-23,Lakeview Medical,Industrial Products,45749.0,Midwest,Sarah Chen
TXN-00243,2024-05-24,Delta Healthcare,Industrial Products,18835.35,South,Sarah Chen
TXN-00244,2024-05-24,Keystone Materials,Safety & Compliance,1981.11,Midwest,Sarah Chen
TXN-00245,2024-05-26,Frontier Chemical,Industrial Products,6825.34,South,Laura Wright
TXN-00246,2024-05-26,Apex Manufacturing,Industrial Products,6882.76,South,Sarah Chen
TXN-00247,2024-05-26,Ironclad Industries,Safety & Compliance,26231.0,Northeast,Amanda Clark
TXN-00248,2024-05-27,Keller Construction,Safety & Compliance,18661.39,Northeast,Amanda Clark
TXN-00249,2024-05-27,Frontier Chemical,Industrial Products,12146.46,South,Karen Nelson
TXN-00250,2024-05-27,Liberty Healthcare,Safety & Compliance,1639.38,South,Amanda Clark
TXN-00251,2024-05-27,Quantum Manufacturing,Safety & Compliance,4126.98,Northeast,Laura Wright
TXN-00252,2024-05-28,Atlas Construction,Industrial Products,3178.02,South,Emily Taylor
TXN-00253,2024-05-28,Pinnacle Energy,Safety & Compliance,8015.72,South,Karen Nelson
TXN-00254,2024-05-28,Titan Healthcare,Industrial Products,2302.43,South,Amanda Clark
TXN-00255,2024-05-28,Apex Manufacturing,Safety & Compliance,4713.29,South,Sarah Chen
TXN-00256,2024-05-29,Keystone Materials,Technical Services,6190.07,Midwest,Sarah Chen
TXN-00257,2024-05-29,Silverstone Medical,Safety & Compliance,12346.97,South,Emily Taylor
TXN-00258,2024-05-29,Apex Manufacturing,Safety & Compliance,6026.15,South,Emily Taylor
TXN-00259,2024-05-30,Ironclad Industries,Technical Services,12115.39,Northeast,Sarah Chen
TXN-00260,2024-05-30,Canyon Construction,Technical Services,7529.56,South,Emily Taylor
TXN-00261,2024-05-31,Evergreen Chemical,Industrial Products,11013.04,Midwest,Sarah Chen
TXN-00262,2024-05-31,Pinnacle Energy,Safety & Compliance,18075.54,West,Amanda Clark
TXN-00263,2024-05-31,Atlas Construction,Industrial Products,16301.73,Midwest,Amanda Clark
TXN-00264,2024-06-01,Eagle Transport,Technical Services,17227.48,Midwest,Sarah Chen
TXN-00265,2024-06-01,Atlas Construction,Safety & Compliance,82567.8,Northeast,Laura Wright
TXN-00266,2024-06-02,Frontier Chemical,Technical Services,10699.18,Midwest,Emily Taylor
TXN-00267,2024-06-03,Evergreen Chemical,Industrial Products,63076.29,Midwest,Amanda Clark
TXN-00268,2024-06-03,Upland Chemical,Technical Services,13522.31,South,Emily Taylor
TXN-00269,2024-06-03,Evergreen Chemical,Industrial Products,8720.93,South,Karen Nelson
TXN-00270,2024-06-04,Olympus Mining,Technical Services,5876.47,South,Sarah Chen
TXN-00271,2024-06-05,Apex Manufacturing,Industrial Products,32535.99,West,Laura Wright
TXN-00272,2024-06-05,Dominion Transport,Industrial Products,34619.23,Northeast,Karen Nelson
TXN-00273,2024-06-06,Apex Manufacturing,Technical Services,24080.53,Northeast,Karen Nelson
TXN-00274,2024-06-06,Liberty Healthcare,Industrial Products,15056.86,Midwest,Karen Nelson
TXN-00275,2024-06-07,Olympus Mining,Industrial Products,2916.75,Northeast,Sarah Chen
TXN-00276,2024-06-08,Eagle Transport,Industrial Products,2816.63,South,Amanda Clark
TXN-00277,2024-06-09,Atlas Construction,Safety & Compliance,21961.84,South,Sarah Chen
TXN-00278,2024-06-09,Jupiter Foods,Industrial Products,6223.15,West,Amanda Clark
TXN-00279,2024-06-09,Atlas Construction,Technical Services,14756.54,Midwest,Karen Nelson
TXN-00280,2024-06-10,BlueStar Energy,Safety & Compliance,4462.27,Northeast,Karen Nelson
TXN-00281,2024-06-10,Vanguard Mining,Safety & Compliance,29816.99,West,Laura Wright
TXN-00282,2024-06-11,Summit Construction,Technical Services,2362.95,South,Amanda Clark
TXN-00283,2024-06-12,Quest Manufacturing,Technical Services,2674.54,West,Karen Nelson
TXN-00284,2024-06-12,Ironclad Industries,Safety & Compliance,25730.94,Northeast,Emily Taylor
TXN-00285,2024-06-13,Jetstream Logistics,Industrial Products,7436.38,South,Laura Wright
TXN-00286,2024-06-13,Granite Industries,Safety & Compliance,9323.9,Northeast,Sarah Chen
TXN-00287,2024-06-13,Gateway Mining,Industrial Products,1155.04,Northeast,Laura Wright
TXN-00288,2024-06-14,Yellowstone Energy,Safety & Compliance,4396.14,South,Emily Taylor
TXN-00289,2024-06-15,Yellowstone Energy,Industrial Products,6905.32,Midwest,Amanda Clark
TXN-00290,2024-06-15,Quest Manufacturing,Technical Services,4113.3,West,Sarah Chen
TXN-00291,2024-06-17,Vanguard Mining,Industrial Products,23653.96,Midwest,Sarah Chen
TXN-00292,2024-06-17,Oakridge Chemical,Technical Services,39472.5,South,Amanda Clark
TXN-00293,2024-06-17,Canyon Construction,Industrial Products,5383.92,Northeast,Laura Wright
TXN-00294,2024-06-18,BlueStar Energy,Safety & Compliance,12121.57,South,Karen Nelson
TXN-00295,2024-06-19,Canyon Construction,Safety & Compliance,2386.11,South,Laura Wright
TXN-00296,2024-06-20,Falcon Mining,Safety & Compliance,6398.32,South,Laura Wright
TXN-00297,2024-06-20,Quantum Manufacturing,Technical Services,9445.28,South,Amanda Clark
TXN-00298,2024-06-20,Canyon Construction,Industrial Products,18688.89,Midwest,Emily Taylor
TXN-00299,2024-06-20,Yellowstone Energy,Safety & Compliance,22469.83,Northeast,Karen Nelson
TXN-00300,2024-06-22,Liberty Healthcare,Industrial Products,7517.49,West,Emily Taylor
TXN-00301,2024-06-24,Zephyr Transport,Industrial Products,2552.93,South,Emily Taylor
TXN-00302,2024-06-24,Liberty Healthcare,Industrial Products,27283.74,Northeast,Emily Taylor
TXN-00303,2024-06-25,Cascade Power,Industrial Products,4288.45,Northeast,Karen Nelson
TXN-00304,2024-06-25,Quantum Manufacturing,Safety & Compliance,4411.11,South,Sarah Chen
TXN-00305,2024-06-25,Keystone Materials,Industrial Products,7184.38,South,Karen Nelson
TXN-00306,2024-06-26,BlueStar Energy,Safety & Compliance,15274.19,Northeast,Laura Wright
TXN-00307,2024-06-27,Ironclad Industries,Industrial Products,5049.06,Midwest,Sarah Chen
TXN-00308,2024-06-28,Ridgeline Construction,Technical Services,1699.78,Northeast,Laura Wright
TXN-00309,2024-06-29,Delta Healthcare,Safety & Compliance,11376.58,West,Karen Nelson
TXN-00310,2024-06-29,Keller Construction,Safety & Compliance,3387.62,Midwest,Sarah Chen
TXN-00311,2024-06-29,Meridian Power,Industrial Products,46714.05,Midwest,Emily Taylor
TXN-00312,2024-06-30,Apex Manufacturing,Industrial Products,2872.1,Northeast,Emily Taylor
TXN-00313,2024-06-30,Keller Construction,Technical Services,2957.39,Northeast,Amanda Clark
TXN-00314,2024-07-01,Ironclad Industries,Industrial Products,2778.55,Midwest,Karen Nelson
TXN-00315,2024-07-01,Noble Transport,Industrial Products,2138.51,Midwest,Sarah Chen
TXN-00316,2024-07-02,Ironclad Industries,Technical Services,20781.04,Northeast,Emily Taylor
TXN-00317,2024-07-02,BlueStar Energy,Industrial Products,22770.75,Midwest,Karen Nelson
TXN-00318,2024-07-03,Redwood Energy,Technical Services,9341.34,South,Laura Wright
TXN-00319,2024-07-04,Olympus Mining,Industrial Products,6688.54,Northeast,Amanda Clark
TXN-00320,2024-07-04,United Chemical,Technical Services,39053.08,South,Emily Taylor
TXN-00321,2024-07-04,Eagle Transport,Industrial Products,9312.63,South,Sarah Chen
TXN-00322,2024-07-04,Ironclad Industries,Technical Services,18935.47,South,Laura Wright
TXN-00323,2024-07-05,Keystone Materials,Safety & Compliance,6164.75,Midwest,Karen Nelson
TXN-00324,2024-07-06,United Chemical,Technical Services,8206.14,Northeast,Amanda Clark
TXN-00325,2024-07-08,Granite Industries,Safety & Compliance,3011.3,South,Sarah Chen
TXN-00326,2024-07-09,BlueStar Energy,Industrial Products,15416.0,Northeast,Karen Nelson
TXN-00327,2024-07-11,Quest Manufacturing,Technical Services,8024.31,Northeast,Karen Nelson
TXN-00328,2024-07-12,Apex Manufacturing,Industrial Products,4753.66,South,Emily Taylor
TXN-00329,2024-07-12,Harbor Foods,Industrial Products,4805.11,Midwest,Emily Taylor
TXN-00330,2024-07-12,Apex Manufacturing,Technical Services,28854.17,Midwest,Sarah Chen
TXN-00331,2024-07-13,Ironclad Industries,Safety & Compliance,38352.62,Midwest,Karen Nelson
TXN-00332,2024-07-13,Quantum Manufacturing,Industrial Products,5807.89,Midwest,Emily Taylor
TXN-00333,2024-07-14,Pacific Transport,Technical Services,8554.42,Northeast,Amanda Clark
TXN-00334,2024-07-14,Canyon Construction,Technical Services,13392.0,South,Amanda Clark
TXN-00335,2024-07-14,Yellowstone Energy,Industrial Products,9121.83,South,Karen Nelson
TXN-00336,2024-07-16,Apex Manufacturing,Industrial Products,2547.54,South,Emily Taylor
TXN-00337,2024-07-16,Highland Energy,Industrial Products,11410.58,West,Sarah Chen
TXN-00338,2024-07-16,Upland Chemical,Industrial Products,1753.64,South,Sarah Chen
TXN-00339,2024-07-17,Harbor Foods,Industrial Products,13095.13,West,Emily Taylor
TXN-00340,2024-07-17,Gateway Mining,Industrial Products,3832.73,South,Sarah Chen
TXN-00341,2024-07-17,Pacific Transport,Industrial Products,13962.13,West,Amanda Clark
TXN-00342,2024-07-18,Apex Manufacturing,Technical Services,4238.4,Midwest,Emily Taylor
TXN-00343,2024-07-18,Ironclad Industries,Technical Services,6457.6,South,Amanda Clark
TXN-00344,2024-07-18,Jupiter Foods,Safety & Compliance,5038.84,South,Sarah Chen
TXN-00345,2024-07-20,Vanguard Mining,Industrial Products,7295.17,Northeast,Sarah Chen
TXN-00346,2024-07-23,BlueStar Energy,Safety & Compliance,7931.24,South,Karen Nelson
TXN-00347,2024-07-23,Noble Transport,Safety & Compliance,13521.25,South,Laura Wright
TXN-00348,2024-07-24,Quantum Manufacturing,Technical Services,4554.92,Northeast,Emily Taylor
TXN-00349,2024-07-25,Maverick Chemical,Industrial Products,10923.99,West,Emily Taylor
TXN-00350,2024-07-26,United Chemical,Safety & Compliance,12156.42,Northeast,Emily Taylor
TXN-00351,2024-07-27,Summit Construction,Industrial Products,8071.64,Midwest,Laura Wright
TXN-00352,2024-07-29,BlueStar Energy,Industrial Products,6583.46,Midwest,Karen Nelson
TXN-00353,2024-07-30,Canyon Construction,Technical Services,9152.29,South,Laura Wright
TXN-00354,2024-07-31,Windward Foods,Technical Services,12567.55,Midwest,Sarah Chen
TXN-00355,2024-08-01,Eagle Transport,Industrial Products,15856.71,South,Sarah Chen
TXN-00356,2024-08-01,Windward Foods,Safety & Compliance,34623.85,South,Emily Taylor
TXN-00357,2024-08-03,Quantum Manufacturing,Technical Services,3670.12,Midwest,Amanda Clark
TXN-00358,2024-08-04,Canyon Construction,Technical Services,5698.7,South,Emily Taylor
TXN-00359,2024-08-05,BlueStar Energy,Safety & Compliance,2674.58,West,Amanda Clark
TXN-00360,2024-08-06,Delta Healthcare,Industrial Products,14505.58,South,Laura Wright
TXN-00361,2024-08-06,Silverstone Medical,Safety & Compliance,6200.55,Midwest,Sarah Chen
TXN-00362,2024-08-07,Jetstream Logistics,Technical Services,10989.71,Northeast,Amanda Clark
TXN-00363,2024-08-07,Ironclad Industries,Industrial Products,4996.68,South,Laura Wright
TXN-00364,2024-08-08,Northwind Construction,Safety & Compliance,13802.84,West,Emily Taylor
TXN-00365,2024-08-08,Canyon Construction,Technical Services,24792.94,Midwest,Amanda Clark
TXN-00366,2024-08-08,Gateway Mining,Safety & Compliance,6239.38,South,Sarah Chen
TXN-00367,2024-08-09,Canyon Construction,Safety & Compliance,7244.7,West,Emily Taylor
TXN-00368,2024-08-09,Maverick Chemical,Safety & Compliance,17223.21,Northeast,Emily Taylor
TXN-00369,2024-08-11,Harbor Foods,Technical Services,17530.23,Midwest,Laura Wright
TXN-00370,2024-08-11,Harbor Foods,Safety & Compliance,5791.25,Midwest,Emily Taylor
TXN-00371,2024-08-11,Meridian Power,Technical Services,2126.47,Midwest,Karen Nelson
TXN-00372,2024-08-13,Keystone Materials,Industrial Products,4538.87,Northeast,Sarah Chen
TXN-00373,2024-08-14,Zephyr Transport,Safety & Compliance,2356.8,Midwest,Laura Wright
TXN-00374,2024-08-14,Redwood Energy,Industrial Products,20569.15,West,Emily Taylor
TXN-00375,2024-08-14,BlueStar Energy,Technical Services,20089.92,Northeast,Sarah Chen
TXN-00376,2024-08-15,Westfield Foods,Safety & Compliance,24503.72,West,Amanda Clark
TXN-00377,2024-08-16,Canyon Construction,Technical Services,1852.18,Midwest,Emily Taylor
TXN-00378,2024-08-16,Apex Manufacturing,Technical Services,16229.76,South,Sarah Chen
TXN-00379,2024-08-17,Highland Energy,Technical Services,19280.19,Northeast,Amanda Clark
TXN-00380,2024-08-17,Vertex Energy,Safety & Compliance,40426.23,South,Karen Nelson
TXN-00381,2024-08-18,Windward Foods,Safety & Compliance,1416.95,Northeast,Karen Nelson
TXN-00382,2024-08-18,Meridian Power,Industrial Products,38345.81,West,Sarah Chen
TXN-00383,2024-08-18,Quantum Manufacturing,Industrial Products,7121.21,South,Karen Nelson
TXN-00384,2024-08-19,Canyon Construction,Industrial Products,8073.98,West,Sarah Chen
TXN-00385,2024-08-19,Eagle Transport,Technical Services,11624.57,West,Sarah Chen
TXN-00386,2024-08-20,Maverick Chemical,Technical Services,2975.82,South,Karen Nelson
TXN-00387,2024-08-20,Harbor Foods,Safety & Compliance,8121.14,West,Sarah Chen
TXN-00388,2024-08-20,Liberty Healthcare,Industrial Products,29624.11,West,Emily Taylor
TXN-00389,2024-08-20,Dominion Transport,Technical Services,13031.97,Midwest,Sarah Chen
TXN-00390,2024-08-20,Canyon Construction,Industrial Products,8490.65,Midwest,Laura Wright
TXN-00391,2024-08-21,Beacon Medical,Technical Services,3149.14,Midwest,Laura Wright
TXN-00392,2024-08-21,Pacific Transport,Industrial Products,10446.35,West,Sarah Chen
TXN-00393,2024-08-22,Eagle Transport,Industrial Products,6108.83,Northeast,Sarah Chen
TXN-00394,2024-08-22,Liberty Healthcare,Industrial Products,2191.99,West,Sarah Chen
TXN-00395,2024-08-24,Redwood Energy,Industrial Products,17947.31,Midwest,Karen Nelson
TXN-00396,2024-08-24,Canyon Construction,Industrial Products,1378.39,Midwest,Emily Taylor
TXN-00397,2024-08-24,United Chemical,Technical Services,19268.79,South,Emily Taylor
TXN-00398,2024-08-24,Zephyr Transport,Industrial Products,17739.14,Midwest,Amanda Clark
TXN-00399,2024-08-24,Canyon Construction,Technical Services,23272.13,South,Karen Nelson
TXN-00400,2024-08-26,Keller Construction,Safety & Compliance,7383.24,West,Karen Nelson
TXN-00401,2024-08-26,Delta Healthcare,Technical Services,16490.6,Northeast,Emily Taylor
TXN-00402,2024-08-27,Imperial Manufacturing,Safety & Compliance,7130.97,South,Karen Nelson
TXN-00403,2024-08-27,Falcon Mining,Technical Services,3065.25,Northeast,Emily Taylor
TXN-00404,2024-08-28,Gateway Mining,Safety & Compliance,7498.75,Midwest,Sarah Chen
TXN-00405,2024-08-28,Frontier Chemical,Technical Services,33087.39,South,Karen Nelson
TXN-00406,2024-08-30,Jupiter Foods,Industrial Products,3148.6,West,Emily Taylor
TXN-00407,2024-08-30,Lakeview Medical,Safety & Compliance,5452.29,West,Emily Taylor
TXN-00408,2024-08-30,Evergreen Chemical,Industrial Products,5627.29,South,Laura Wright
TXN-00409,2024-09-02,Canyon Construction,Industrial Products,14068.3,South,Karen Nelson
TXN-00410,2024-09-03,Noble Transport,Industrial Products,52978.32,West,Karen Nelson
TXN-00411,2024-09-04,Dominion Transport,Technical Services,12307.14,West,Emily Taylor
TXN-00412,2024-09-04,Ridgeline Construction,Technical Services,10995.45,Northeast,Sarah Chen
TXN-00413,2024-09-06,Canyon Construction,Technical Services,69351.46,Northeast,Sarah Chen
TXN-00414,2024-09-07,Vanguard Mining,Industrial Products,17731.8,Northeast,Sarah Chen
TXN-00415,2024-09-09,Vanguard Mining,Industrial Products,8441.21,West,Karen Nelson
TXN-00416,2024-09-09,Harbor Foods,Industrial Products,5521.86,Midwest,Laura Wright
TXN-00417,2024-09-10,Lakeview Medical,Industrial Products,10435.41,South,Emily Taylor
TXN-00418,2024-09-11,Apex Manufacturing,Safety & Compliance,7683.94,South,Amanda Clark
TXN-00419,2024-09-12,Falcon Mining,Industrial Products,8521.86,West,Laura Wright
TXN-00420,2024-09-13,Summit Construction,Safety & Compliance,27829.27,South,Amanda Clark
TXN-00421,2024-09-13,Apex Manufacturing,Safety & Compliance,6048.13,Northeast,Laura Wright
TXN-00422,2024-09-13,Beacon Medical,Industrial Products,10387.03,Midwest,Sarah Chen
TXN-00423,2024-09-13,Meridian Power,Technical Services,14715.15,South,Karen Nelson
TXN-00424,2024-09-13,Apex Manufacturing,Industrial Products,4663.65,South,Amanda Clark
TXN-00425,2024-09-14,Vertex Energy,Industrial Products,4196.07,West,Laura Wright
TXN-00426,2024-09-14,Upland Chemical,Industrial Products,7184.83,West,Karen Nelson
TXN-00427,2024-09-14,Pacific Transport,Technical Services,4760.83,West,Amanda Clark
TXN-00428,2024-09-14,BlueStar Energy,Industrial Products,20370.97,West,Emily Taylor
TXN-00429,2024-09-14,Granite Industries,Technical Services,3635.8,Midwest,Laura Wright
TXN-00430,2024-09-16,Frontier Chemical,Industrial Products,60723.23,Northeast,Sarah Chen
TXN-00431,2024-09-16,Northwind Construction,Technical Services,12967.57,Midwest,Emily Taylor
TXN-00432,2024-09-16,Northwind Construction,Technical Services,8559.33,West,Emily Taylor
TXN-00433,2024-09-17,Quantum Manufacturing,Safety & Compliance,15456.02,West,Emily Taylor
TXN-00434,2024-09-18,Summit Construction,Industrial Products,24609.0,South,Laura Wright
TXN-00435,2024-09-19,Keystone Materials,Industrial Products,5595.07,Northeast,Sarah Chen
TXN-00436,2024-09-19,Westfield Foods,Technical Services,3411.35,Northeast,Emily Taylor
TXN-00437,2024-09-21,Silverstone Medical,Industrial Products,9332.04,South,Karen Nelson
TXN-00438,2024-09-21,Harbor Foods,Technical Services,8516.87,South,Amanda Clark
TXN-00439,2024-09-21,Evergreen Chemical,Industrial Products,1887.32,West,Emily Taylor
TXN-00440,2024-09-23,Quest Manufacturing,Industrial Products,10692.53,West,Sarah Chen
TXN-00441,2024-09-24,Lakeview Medical,Industrial Products,16209.64,Northeast,Emily Taylor
TXN-00442,2024-09-24,Keystone Materials,Industrial Products,4489.08,South,Amanda Clark
TXN-00443,2024-09-24,Vanguard Mining,Technical Services,13203.1,South,Sarah Chen
TXN-00444,2024-09-25,United Chemical,Industrial Products,16172.28,West,Laura Wright
TXN-00445,2024-09-28,Zephyr Transport,Technical Services,7661.18,Northeast,Sarah Chen
TXN-00446,2024-09-28,Keller Construction,Safety & Compliance,14899.82,Northeast,Sarah Chen
TXN-00447,2024-09-28,Meridian Power,Safety & Compliance,13971.92,Northeast,Laura Wright
TXN-00448,2024-09-29,Apex Manufacturing,Safety & Compliance,3945.45,Northeast,Amanda Clark
TXN-00449,2024-09-30,Apex Manufacturing,Industrial Products,4816.31,Northeast,Amanda Clark
TXN-00450,2024-10-02,Yellowstone Energy,Industrial Products,4309.75,West,Sarah Chen
TXN-00451,2024-10-03,Frontier Chemical,Technical Services,6459.28,Midwest,Emily Taylor
TXN-00452,2024-10-03,Eagle Transport,Industrial Products,19430.84,Midwest,Amanda Clark
TXN-00453,2024-10-04,Gateway Mining,Technical Services,2411.51,Northeast,Laura Wright
TXN-00454,2024-10-07,Delta Healthcare,Safety & Compliance,10769.5,Midwest,Karen Nelson
TXN-00455,2024-10-07,Eagle Transport,Industrial Products,9094.27,Midwest,Laura Wright
TXN-00456,2024-10-07,Apex Manufacturing,Technical Services,3460.88,Midwest,Karen Nelson
TXN-00457,2024-10-07,Vertex Energy,Safety & Compliance,4482.62,South,Laura Wright
TXN-00458,2024-10-08,Falcon Mining,Technical Services,3753.21,South,Sarah Chen
TXN-00459,2024-10-09,Highland Energy,Technical Services,14579.85,West,Sarah Chen
TXN-00460,2024-10-10,Silverstone Medical,Technical Services,2334.96,Northeast,Sarah Chen
TXN-00461,2024-10-10,Apex Manufacturing,Technical Services,16579.23,West,Emily Taylor
TXN-00462,2024-10-11,Olympus Mining,Industrial Products,1993.92,South,Emily Taylor
TXN-00463,2024-10-11,Quantum Manufacturing,Industrial Products,4943.11,Midwest,Karen Nelson
TXN-00464,2024-10-12,Xenon Industries,Technical Services,31403.56,Midwest,Laura Wright
TXN-00465,2024-10-12,Yellowstone Energy,Safety & Compliance,31787.78,Midwest,Laura Wright
TXN-00466,2024-10-13,Liberty Healthcare,Industrial Products,6990.46,Northeast,Sarah Chen
TXN-00467,2024-10-13,Gateway Mining,Technical Services,9409.26,Northeast,Amanda Clark
TXN-00468,2024-10-14,Falcon Mining,Technical Services,24416.55,Midwest,Emily Taylor
TXN-00469,2024-10-15,Zephyr Transport,Safety & Compliance,19571.03,South,Karen Nelson
TXN-00470,2024-10-15,Delta Healthcare,Technical Services,16227.82,Northeast,Sarah Chen
TXN-00471,2024-10-15,Zephyr Transport,Industrial Products,3784.14,Midwest,Emily Taylor
TXN-00472,2024-10-15,Jupiter Foods,Technical Services,5534.24,South,Sarah Chen
TXN-00473,2024-10-15,Quantum Manufacturing,Technical Services,16071.44,South,Emily Taylor
TXN-00474,2024-10-16,BlueStar Energy,Technical Services,31250.93,South,Laura Wright
TXN-00475,2024-10-17,Apex Manufacturing,Industrial Products,2416.23,South,Amanda Clark
TXN-00476,2024-10-18,Apex Manufacturing,Technical Services,3568.22,Midwest,Laura Wright
TXN-00477,2024-10-18,Gateway Mining,Safety & Compliance,17448.69,Midwest,Laura Wright
TXN-00478,2024-10-19,Xenon Industries,Industrial Products,1990.73,West,Karen Nelson
TXN-00479,2024-10-19,Apex Manufacturing,Safety & Compliance,21334.55,West,Emily Taylor
TXN-00480,2024-10-19,Apex Manufacturing,Safety & Compliance,7846.45,Northeast,Amanda Clark
TXN-00481,2024-10-19,Trident Industries,Technical Services,6409.85,South,Emily Taylor
TXN-00482,2024-10-19,Liberty Healthcare,Safety & Compliance,10983.01,South,Laura Wright
TXN-00483,2024-10-21,Keller Construction,Safety & Compliance,2347.69,South,Sarah Chen
TXN-00484,2024-10-22,Pinnacle Energy,Safety & Compliance,15665.43,West,Laura Wright
TXN-00485,2024-10-22,Cascade Power,Technical Services,36007.1,Northeast,Emily Taylor
TXN-00486,2024-10-25,BlueStar Energy,Industrial Products,13820.97,South,Laura Wright
TXN-00487,2024-10-26,Ironclad Industries,Industrial Products,5654.88,Northeast,Sarah Chen
TXN-00488,2024-10-26,Evergreen Chemical,Technical Services,2840.95,Midwest,Karen Nelson
TXN-00489,2024-10-26,Frontier Chemical,Industrial Products,2441.41,Midwest,Emily Taylor
TXN-00490,2024-10-26,Beacon Medical,Industrial Products,2377.41,South,Laura Wright
TXN-00491,2024-10-27,Apex Manufacturing,Safety & Compliance,9227.46,West,Emily Taylor
TXN-00492,2024-10-28,Frontier Chemical,Safety & Compliance,8872.57,Northeast,Karen Nelson
TXN-00493,2024-10-30,Redwood Energy,Technical Services,18667.08,South,Laura Wright
TXN-00494,2024-10-31,Xenon Industries,Safety & Compliance,1925.95,West,Laura Wright
TXN-00495,2024-11-01,Cascade Power,Industrial Products,14122.51,West,Emily Taylor
TXN-00496,2024-11-01,Apex Manufacturing,Industrial Products,5302.92,West,Sarah Chen
TXN-00497,2024-11-01,Titan Healthcare,Safety & Compliance,26601.69,South,Emily Taylor
TXN-00498,2024-11-02,BlueStar Energy,Technical Services,3057.75,Midwest,Karen Nelson
TXN-00499,2024-11-02,Olympus Mining,Technical Services,18709.63,Midwest,Sarah Chen
TXN-00500,2024-11-03,Beacon Medical,Industrial Products,6373.63,Northeast,Laura Wright
TXN-00501,2024-11-04,BlueStar Energy,Technical Services,7974.35,West,Emily Taylor
TXN-00502,2024-11-04,Maverick Chemical,Industrial Products,11013.64,Northeast,Laura Wright
TXN-00503,2024-11-04,Eagle Transport,Technical Services,3902.77,Midwest,Laura Wright
TXN-00504,2024-11-05,Meridian Power,Safety & Compliance,6465.63,West,Amanda Clark
TXN-00505,2024-11-05,Canyon Construction,Technical Services,16191.69,West,Amanda Clark
TXN-00506,2024-11-07,Dominion Transport,Safety & Compliance,17172.06,West,Laura Wright
TXN-00507,2024-11-08,Atlas Construction,Safety & Compliance,12784.22,Northeast,Emily Taylor
TXN-00508,2024-11-09,Delta Healthcare,Safety & Compliance,3143.52,West,Laura Wright
TXN-00509,2024-11-11,Ironclad Industries,Safety & Compliance,6786.2,West,Emily Taylor
TXN-00510,2024-11-11,Olympus Mining,Safety & Compliance,6554.97,Midwest,Amanda Clark
TXN-00511,2024-11-12,Frontier Chemical,Technical Services,13663.24,Midwest,Laura Wright
TXN-00512,2024-11-12,Canyon Construction,Industrial Products,12718.95,Northeast,Karen Nelson
TXN-00513,2024-11-13,Eagle Transport,Technical Services,8969.5,Northeast,Karen Nelson
TXN-00514,2024-11-14,Apex Manufacturing,Technical Services,69906.14,Midwest,Laura Wright
TXN-00515,2024-11-15,United Chemical,Industrial Products,6276.69,Midwest,Emily Taylor
TXN-00516,2024-11-17,Maverick Chemical,Industrial Products,7016.8,Northeast,Laura Wright
TXN-00517,2024-11-17,Redwood Energy,Safety & Compliance,3139.58,Midwest,Laura Wright
TXN-00518,2024-11-18,Delta Healthcare,Safety & Compliance,2841.38,Northeast,Amanda Clark
TXN-00519,2024-11-19,Apex Manufacturing,Safety & Compliance,3510.48,West,Karen Nelson
TXN-00520,2024-11-19,Delta Healthcare,Industrial Products,5243.88,Northeast,Amanda Clark
TXN-00521,2024-11-19,Jetstream Logistics,Industrial Products,27733.05,South,Amanda Clark
TXN-00522,2024-11-20,Granite Industries,Industrial Products,8172.86,South,Laura Wright
TXN-00523,2024-11-20,Delta Healthcare,Industrial Products,11350.15,South,Amanda Clark
TXN-00524,2024-11-21,Evergreen Chemical,Industrial Products,7502.42,Northeast,Karen Nelson
TXN-00525,2024-11-22,Olympus Mining,Industrial Products,10853.48,South,Amanda Clark
TXN-00526,2024-11-22,Lakeview Medical,Safety & Compliance,21144.58,South,Karen Nelson
TXN-00527,2024-11-23,Liberty Healthcare,Technical Services,1643.95,West,Amanda Clark
TXN-00528,2024-11-23,Summit Construction,Industrial Products,21475.54,West,Karen Nelson
TXN-00529,2024-11-24,Yellowstone Energy,Industrial Products,920.99,Northeast,Amanda Clark
TXN-00530,2024-11-25,Quantum Manufacturing,Technical Services,9945.58,West,Amanda Clark
TXN-00531,2024-11-26,Lakeview Medical,Industrial Products,53813.94,South,Emily Taylor
TXN-00532,2024-11-26,Eagle Transport,Safety & Compliance,11872.82,Midwest,Karen Nelson
TXN-00533,2024-11-27,Frontier Chemical,Industrial Products,9282.89,Midwest,Karen Nelson
TXN-00534,2024-11-28,Frontier Chemical,Industrial Products,40197.37,Northeast,Karen Nelson
TXN-00535,2024-11-29,Silverstone Medical,Technical Services,12867.93,Northeast,Karen Nelson
TXN-00536,2024-11-29,BlueStar Energy,Industrial Products,11208.38,Northeast,Amanda Clark
TXN-00537,2024-11-29,Summit Construction,Industrial Products,5309.81,Northeast,Sarah Chen
TXN-00538,2024-12-03,Evergreen Chemical,Technical Services,5215.14,Midwest,Sarah Chen
TXN-00539,2024-12-04,Ironclad Industries,Technical Services,4866.8,South,Emily Taylor
TXN-00540,2024-12-04,Canyon Construction,Industrial Products,5126.71,South,Karen Nelson
TXN-00541,2024-12-05,Pinnacle Energy,Technical Services,8689.34,South,Karen Nelson
TXN-00542,2024-12-06,Liberty Healthcare,Technical Services,15058.15,South,Sarah Chen
TXN-00543,2024-12-07,Evergreen Chemical,Safety & Compliance,10731.15,Northeast,Amanda Clark
TXN-00544,2024-12-07,Frontier Chemical,Industrial Products,13972.03,South,Emily Taylor
TXN-00545,2024-12-08,Ironclad Industries,Industrial Products,1676.87,West,Karen Nelson
TXN-00546,2024-12-10,BlueStar Energy,Technical Services,6804.91,South,Amanda Clark
TXN-00547,2024-12-11,Quest Manufacturing,Safety & Compliance,12188.2,Midwest,Sarah Chen
TXN-00548,2024-12-11,Dominion Transport,Industrial Products,10193.79,South,Laura Wright
TXN-00549,2024-12-11,Vanguard Mining,Technical Services,6279.11,Midwest,Emily Taylor
TXN-00550,2024-12-11,Delta Healthcare,Technical Services,4109.38,South,Emily Taylor
TXN-00551,2024-12-11,Imperial Manufacturing,Technical Services,10315.24,Midwest,Laura Wright
TXN-00552,2024-12-15,United Chemical,Technical Services,21602.66,South,Emily Taylor
TXN-00553,2024-12-15,Meridian Power,Safety & Compliance,7720.11,South,Emily Taylor
TXN-00554,2024-12-15,Gateway Mining,Technical Services,4017.46,Northeast,Sarah Chen
TXN-00555,2024-12-15,Trident Industries,Safety & Compliance,2286.99,South,Sarah Chen
TXN-00556,2024-12-15,BlueStar Energy,Safety & Compliance,7089.49,South,Amanda Clark
TXN-00557,2024-12-16,Trident Industries,Industrial Products,9832.94,South,Amanda Clark
TXN-00558,2024-12-17,Liberty Healthcare,Safety & Compliance,3730.81,South,Sarah Chen
TXN-00559,2024-12-17,Canyon Construction,Industrial Products,12309.11,Northeast,Laura Wright
TXN-00560,2024-12-17,Titan Healthcare,Safety & Compliance,5612.97,Midwest,Laura Wright
TXN-00561,2024-12-18,Ridgeline Construction,Technical Services,24282.52,South,Emily Taylor
TXN-00562,2024-12-18,Olympus Mining,Technical Services,2584.21,Midwest,Emily Taylor
TXN-00563,2024-12-18,Titan Healthcare,Industrial Products,26568.21,South,Karen Nelson
TXN-00564,2024-12-19,Trident Industries,Safety & Compliance,1579.34,West,Emily Taylor
TXN-00565,2024-12-19,Jetstream Logistics,Industrial Products,5166.34,Midwest,Karen Nelson
TXN-00566,2024-12-19,Harbor Foods,Technical Services,6009.25,West,Sarah Chen
TXN-00567,2024-12-19,Trident Industries,Technical Services,30079.25,Northeast,Laura Wright
TXN-00568,2024-12-23,Atlas Construction,Safety & Compliance,8981.19,Midwest,Emily Taylor
TXN-00569,2024-12-25,BlueStar Energy,Industrial Products,2393.57,Northeast,Karen Nelson
TXN-00570,2024-12-25,Apex Manufacturing,Industrial Products,18872.21,Northeast,Amanda Clark
TXN-00571,2024-12-26,Titan Healthcare,Industrial Products,3027.16,Northeast,Emily Taylor
TXN-00572,2024-12-27,Trident Industries,Technical Services,7566.53,Northeast,Laura Wright
TXN-00573,2024-12-28,Maverick Chemical,Technical Services,5252.75,South,Sarah Chen
TXN-00574,2024-12-29,Canyon Construction,Industrial Products,20581.09,Midwest,Emily Taylor
TXN-00575,2024-12-29,Atlas Construction,Safety & Compliance,6210.26,Northeast,Emily Taylor
TXN-00576,2024-12-30,Pinnacle Energy,Industrial Products,2923.41,Northeast,Amanda Clark
TXN-00577,2024-12-30,Eagle Transport,Technical Services,27366.2,West,Karen Nelson
TXN-00578,2025-01-01,Canyon Construction,Industrial Products,16045.48,Northeast,Amanda Clark
TXN-00579,2025-01-01,Frontier Chemical,Technical Services,4508.85,South,Sarah Chen
TXN-00580,2025-01-01,Canyon Construction,Technical Services,3929.01,Midwest,Laura Wright
TXN-00581,2025-01-02,Beacon Medical,Technical Services,11728.21,Northeast,Sarah Chen
TXN-00582,2025-01-03,Upland Chemical,Safety & Compliance,3026.49,West,Emily Taylor
TXN-00583,2025-01-03,Frontier Chemical,Technical Services,11541.74,Northeast,Emily Taylor
TXN-00584,2025-01-03,Meridian Power,Safety & Compliance,14531.74,Northeast,Amanda Clark
TXN-00585,2025-01-03,Yellowstone Energy,Safety & Compliance,4872.95,Midwest,Laura Wright
TXN-00586,2025-01-05,Zephyr Transport,Technical Services,23427.42,West,Karen Nelson
TXN-00587,2025-01-07,BlueStar Energy,Safety & Compliance,2861.16,Northeast,Laura Wright
TXN-00588,2025-01-07,Oakridge Chemical,Technical Services,28528.15,Northeast,Emily Taylor
TXN-00589,2025-01-07,Ironclad Industries,Industrial Products,2053.15,West,Karen Nelson
TXN-00590,2025-01-08,Olympus Mining,Technical Services,80783.92,South,Laura Wright
TXN-00591,2025-01-09,Meridian Power,Industrial Products,5723.19,West,Laura Wright
TXN-00592,2025-01-09,BlueStar Energy,Technical Services,2717.96,South,Karen Nelson
TXN-00593,2025-01-09,Yellowstone Energy,Technical Services,6726.85,Midwest,Emily Taylor
TXN-00594,2025-01-11,Highland Energy,Industrial Products,3508.06,Midwest,Laura Wright
TXN-00595,2025-01-11,Apex Manufacturing,Industrial Products,11043.22,Northeast,Karen Nelson
TXN-00596,2025-01-11,Noble Transport,Safety & Compliance,27830.5,West,Emily Taylor
TXN-00597,2025-01-12,Delta Healthcare,Technical Services,3660.06,South,Karen Nelson
TXN-00598,2025-01-12,Summit Construction,Industrial Products,10948.97,South,Karen Nelson
TXN-00599,2025-01-13,Jetstream Logistics,Technical Services,2377.52,Midwest,Laura Wright
TXN-00600,2025-01-14,Evergreen Chemical,Technical Services,18098.91,Northeast,Emily Taylor
TXN-00601,2025-01-14,Harbor Foods,Technical Services,11304.87,Midwest,Laura Wright
TXN-00602,2025-01-15,Olympus Mining,Safety & Compliance,18735.77,South,Sarah Chen
TXN-00603,2025-01-16,Yellowstone Energy,Industrial Products,4862.73,South,Emily Taylor
TXN-00604,2025-01-16,Evergreen Chemical,Technical Services,8449.68,South,Sarah Chen
TXN-00605,2025-01-17,Jupiter Foods,Safety & Compliance,18680.13,South,Karen Nelson
TXN-00606,2025-01-18,Granite Industries,Safety & Compliance,3272.54,Northeast,Laura Wright
TXN-00607,2025-01-18,Apex Manufacturing,Industrial Products,2009.7,Midwest,Laura Wright
TXN-00608,2025-01-19,Ironclad Industries,Industrial Products,7889.38,West,Emily Taylor
TXN-00609,2025-01-22,Trident Industries,Industrial Products,5933.22,West,Emily Taylor
TXN-00610,2025-01-23,BlueStar Energy,Technical Services,12336.4,South,Sarah Chen
TXN-00611,2025-01-24,Falcon Mining,Technical Services,19404.13,Northeast,Amanda Clark
TXN-00612,2025-01-24,Windward Foods,Technical Services,12132.64,South,Emily Taylor
TXN-00613,2025-01-24,Apex Manufacturing,Safety & Compliance,21847.55,South,Amanda Clark
TXN-00614,2025-01-24,Beacon Medical,Safety & Compliance,10476.0,Northeast,Emily Taylor
TXN-00615,2025-01-25,Meridian Power,Industrial Products,12036.23,South,Karen Nelson
TXN-00616,2025-01-27,United Chemical,Industrial Products,8488.23,South,Karen Nelson
TXN-00617,2025-01-28,BlueStar Energy,Industrial Products,13518.28,West,Sarah Chen
TXN-00618,2025-01-29,Apex Manufacturing,Industrial Products,9258.73,Northeast,Sarah Chen
TXN-00619,2025-01-29,Atlas Construction,Technical Services,10510.62,Northeast,Amanda Clark
TXN-00620,2025-01-30,Liberty Healthcare,Safety & Compliance,7091.28,South,Emily Taylor
TXN-00621,2025-01-30,Imperial Manufacturing,Industrial Products,15477.51,South,Laura Wright
TXN-00622,2025-01-31,Redwood Energy,Technical Services,3901.51,West,Sarah Chen
TXN-00623,2025-01-31,BlueStar Energy,Safety & Compliance,7985.01,South,Laura Wright
TXN-00624,2025-01-31,Beacon Medical,Industrial Products,23142.53,Northeast,Laura Wright
TXN-00625,2025-02-01,Eagle Transport,Industrial Products,3793.42,South,Emily Taylor
TXN-00626,2025-02-01,Ridgeline Construction,Technical Services,1221.71,Northeast,Amanda Clark
TXN-00627,2025-02-03,Apex Manufacturing,Industrial Products,7299.7,Midwest,Emily Taylor
TXN-00628,2025-02-03,Upland Chemical,Industrial Products,17781.84,West,Laura Wright
TXN-00629,2025-02-03,Dominion Transport,Safety & Compliance,6597.44,West,Sarah Chen
TXN-00630,2025-02-03,Maverick Chemical,Industrial Products,13036.22,South,Emily Taylor
TXN-00631,2025-02-04,Falcon Mining,Technical Services,5996.01,South,Emily Taylor
TXN-00632,2025-02-04,Gateway Mining,Safety & Compliance,9151.45,West,Emily Taylor
TXN-00633,2025-02-05,Ridgeline Construction,Industrial Products,16513.54,Northeast,Sarah Chen
TXN-00634,2025-02-05,Eagle Transport,Industrial Products,10913.73,Northeast,Amanda Clark
TXN-00635,2025-02-07,Evergreen Chemical,Industrial Products,1156.18,Midwest,Emily Taylor
TXN-00636,2025-02-08,Pinnacle Energy,Industrial Products,9401.4,South,Sarah Chen
TXN-00637,2025-02-08,Apex Manufacturing,Industrial Products,8317.28,South,Laura Wright
TXN-00638,2025-02-08,Ironclad Industries,Technical Services,9582.77,Midwest,Karen Nelson
TXN-00639,2025-02-08,Highland Energy,Industrial Products,5964.67,South,Sarah Chen
TXN-00640,2025-02-09,Eagle Transport,Safety & Compliance,21428.35,Northeast,Emily Taylor
TXN-00641,2025-02-09,Lakeview Medical,Industrial Products,20596.34,Midwest,Karen Nelson
TXN-00642,2025-02-10,Delta Healthcare,Industrial Products,1390.57,West,Emily Taylor
TXN-00643,2025-02-11,Canyon Construction,Industrial Products,4279.68,West,Sarah Chen
TXN-00644,2025-02-12,Noble Transport,Industrial Products,7217.15,West,Karen Nelson
TXN-00645,2025-02-12,Titan Healthcare,Safety & Compliance,19901.86,South,Emily Taylor
TXN-00646,2025-02-12,BlueStar Energy,Industrial Products,9998.63,South,Laura Wright
TXN-00647,2025-02-13,Ironclad Industries,Safety & Compliance,5627.65,Northeast,Amanda Clark
TXN-00648,2025-02-14,Harbor Foods,Safety & Compliance,14294.45,South,Amanda Clark
TXN-00649,2025-02-15,Canyon Construction,Industrial Products,6842.66,South,Emily Taylor
TXN-00650,2025-02-15,Jetstream Logistics,Safety & Compliance,7376.68,Midwest,Karen Nelson
TXN-00651,2025-02-16,Gateway Mining,Industrial Products,7750.53,Northeast,Emily Taylor
TXN-00652,2025-02-17,Gateway Mining,Industrial Products,10904.47,West,Karen Nelson
TXN-00653,2025-02-17,Falcon Mining,Safety & Compliance,5381.06,South,Laura Wright
TXN-00654,2025-02-18,Yellowstone Energy,Technical Services,9171.59,South,Emily Taylor
TXN-00655,2025-02-18,Delta Healthcare,Technical Services,16144.25,South,Karen Nelson
TXN-00656,2025-02-20,Titan Healthcare,Industrial Products,4141.07,West,Laura Wright
TXN-00657,2025-02-22,Titan Healthcare,Technical Services,7691.12,Midwest,Sarah Chen
TXN-00658,2025-02-22,Atlas Construction,Safety & Compliance,3515.98,West,Amanda Clark
TXN-00659,2025-02-22,Redwood Energy,Industrial Products,10047.82,West,Emily Taylor
TXN-00660,2025-02-24,Pinnacle Energy,Industrial Products,15379.98,Northeast,Emily Taylor
TXN-00661,2025-02-25,Atlas Construction,Industrial Products,3432.68,Northeast,Emily Taylor
TXN-00662,2025-02-25,Redwood Energy,Industrial Products,9217.87,Northeast,Laura Wright
TXN-00663,2025-02-25,Liberty Healthcare,Safety & Compliance,4080.66,Midwest,Sarah Chen
TXN-00664,2025-02-26,Westfield Foods,Industrial Products,9307.76,Northeast,Karen Nelson
TXN-00665,2025-02-27,Canyon Construction,Technical Services,3322.32,West,Emily Taylor
TXN-00666,2025-02-27,Quest Manufacturing,Industrial Products,5896.18,Midwest,Amanda Clark
TXN-00667,2025-02-27,Delta Healthcare,Industrial Products,1474.97,West,Laura Wright
TXN-00668,2025-02-27,Frontier Chemical,Safety & Compliance,19350.72,Northeast,Sarah Chen
TXN-00669,2025-03-01,Dominion Transport,Industrial Products,12510.88,Midwest,Emily Taylor
TXN-00670,2025-03-01,Trident Industries,Industrial Products,7093.21,Midwest,Karen Nelson
TXN-00671,2025-03-01,Vanguard Mining,Industrial Products,7811.06,South,Amanda Clark
TXN-00672,2025-03-01,Meridian Power,Technical Services,47769.83,South,Emily Taylor
TXN-00673,2025-03-03,Apex Manufacturing,Safety & Compliance,2611.07,Midwest,Amanda Clark
TXN-00674,2025-03-04,Atlas Construction,Technical Services,19646.04,Midwest,Sarah Chen
TXN-00675,2025-03-06,United Chemical,Industrial Products,6124.29,South,Laura Wright
TXN-00676,2025-03-08,Zephyr Transport,Industrial Products,14462.9,West,Emily Taylor
TXN-00677,2025-03-10,Eagle Transport,Industrial Products,43494.96,South,Karen Nelson
TXN-00678,2025-03-11,Quantum Manufacturing,Technical Services,16869.52,South,Sarah Chen
TXN-00679,2025-03-14,Delta Healthcare,Technical Services,10256.02,Midwest,Karen Nelson
TXN-00680,2025-03-14,Imperial Manufacturing,Technical Services,3633.55,Northeast,Emily Taylor
TXN-00681,2025-03-14,Summit Construction,Industrial Products,19927.16,South,Karen Nelson
TXN-00682,2025-03-14,Yellowstone Energy,Safety & Compliance,29123.42,South,Sarah Chen
TXN-00683,2025-03-14,Zenith Manufacturing,Safety & Compliance,12553.55,Midwest,Emily Taylor
TXN-00684,2025-03-15,Evergreen Chemical,Technical Services,2358.46,Northeast,Amanda Clark
TXN-00685,2025-03-16,Xenon Industries,Technical Services,5259.95,Midwest,Karen Nelson
TXN-00686,2025-03-16,Quest Manufacturing,Technical Services,10417.5,Midwest,Amanda Clark
TXN-00687,2025-03-17,Noble Transport,Technical Services,6006.74,South,Emily Taylor
TXN-00688,2025-03-17,Gateway Mining,Industrial Products,8571.3,West,Amanda Clark
TXN-00689,2025-03-20,Frontier Chemical,Safety & Compliance,8016.78,South,Emily Taylor
TXN-00690,2025-03-20,Windward Foods,Industrial Products,14312.6,West,Emily Taylor
TXN-00691,2025-03-20,Quantum Manufacturing,Technical Services,4905.55,Northeast,Laura Wright
TXN-00692,2025-03-21,Ridgeline Construction,Industrial Products,3246.59,West,Emily Taylor
TXN-00693,2025-03-21,Canyon Construction,Technical Services,31723.82,South,Amanda Clark
TXN-00694,2025-03-22,Keller Construction,Safety & Compliance,16487.04,South,Laura Wright
TXN-00695,2025-03-22,Yellowstone Energy,Safety & Compliance,5450.39,Northeast,Laura Wright
TXN-00696,2025-03-23,Upland Chemical,Safety & Compliance,29376.77,South,Emily Taylor
TXN-00697,2025-03-24,Gateway Mining,Technical Services,7844.89,Midwest,Karen Nelson
TXN-00698,2025-03-24,Evergreen Chemical,Technical Services,4901.4,South,Karen Nelson
TXN-00699,2025-03-25,Redwood Energy,Technical Services,8429.0,Midwest,Laura Wright
TXN-00700,2025-03-25,Apex Manufacturing,Safety & Compliance,18288.59,South,Emily Taylor
TXN-00701,2025-03-26,Beacon Medical,Industrial Products,9556.7,Northeast,Karen Nelson
TXN-00702,2025-03-26,Beacon Medical,Safety & Compliance,3020.35,Midwest,Emily Taylor
TXN-00703,2025-03-27,Trident Industries,Safety & Compliance,15672.09,Northeast,Emily Taylor
TXN-00704,2025-03-28,Oakridge Chemical,Technical Services,12747.7,Midwest,Laura Wright
TXN-00705,2025-03-29,Eagle Transport,Industrial Products,7317.85,Midwest,Laura Wright
TXN-00706,2025-03-29,Apex Manufacturing,Industrial Products,15843.54,West,Sarah Chen
TXN-00707,2025-03-30,Jetstream Logistics,Safety & Compliance,9635.97,Northeast,Karen Nelson
TXN-00708,2025-03-31,Frontier Chemical,Industrial Products,7957.09,Midwest,Karen Nelson
TXN-00709,2025-04-01,Highland Energy,Safety & Compliance,3454.71,West,Karen Nelson
TXN-00710,2025-04-01,Harbor Foods,Technical Services,19194.19,Midwest,Amanda Clark
TXN-00711,2025-04-01,Upland Chemical,Industrial Products,14539.32,Northeast,Emily Taylor
TXN-00712,2025-04-03,Vertex Energy,Safety & Compliance,10988.34,Midwest,Laura Wright
TXN-00713,2025-04-03,Xenon Industries,Technical Services,23696.96,Midwest,Karen Nelson
TXN-00714,2025-04-04,Silverstone Medical,Technical Services,16871.79,Midwest,Sarah Chen
TXN-00715,2025-04-05,Highland Energy,Technical Services,14034.2,South,Karen Nelson
TXN-00716,2025-04-05,Redwood Energy,Industrial Products,1379.42,South,Emily Taylor
TXN-00717,2025-04-06,Canyon Construction,Safety & Compliance,24276.84,West,Emily Taylor
TXN-00718,2025-04-06,Lakeview Medical,Industrial Products,8659.95,South,Laura Wright
TXN-00719,2025-04-07,Summit Construction,Safety & Compliance,10404.5,Midwest,Amanda Clark
TXN-00720,2025-04-08,Northwind Construction,Industrial Products,15048.99,Northeast,Karen Nelson
TXN-00721,2025-04-08,Olympus Mining,Safety & Compliance,10461.6,Northeast,Laura Wright
TXN-00722,2025-04-09,Quest Manufacturing,Technical Services,16902.57,South,Sarah Chen
TXN-00723,2025-04-09,Atlas Construction,Technical Services,15477.69,South,Laura Wright
TXN-00724,2025-04-10,Canyon Construction,Industrial Products,11851.72,West,Amanda Clark
TXN-00725,2025-04-14,Zephyr Transport,Safety & Compliance,9532.41,West,Laura Wright
TXN-00726,2025-04-15,Quantum Manufacturing,Industrial Products,471.63,Midwest,Emily Taylor
TXN-00727,2025-04-16,Ironclad Industries,Industrial Products,5472.05,Northeast,Karen Nelson
TXN-00728,2025-04-17,Zenith Manufacturing,Technical Services,4387.39,Midwest,Karen Nelson
TXN-00729,2025-04-17,BlueStar Energy,Technical Services,21345.4,Midwest,Karen Nelson
TXN-00730,2025-04-17,Yellowstone Energy,Technical Services,12996.99,Midwest,Karen Nelson
TXN-00731,2025-04-18,Oakridge Chemical,Safety & Compliance,6739.98,South,Karen Nelson
TXN-00732,2025-04-18,Ironclad Industries,Technical Services,5173.51,Midwest,Karen Nelson
TXN-00733,2025-04-19,Delta Healthcare,Industrial Products,3061.55,South,Karen Nelson
TXN-00734,2025-04-19,Upland Chemical,Technical Services,7094.94,Midwest,Sarah Chen
TXN-00735,2025-04-19,Quantum Manufacturing,Industrial Products,5697.5,West,Amanda Clark
TXN-00736,2025-04-21,Lakeview Medical,Industrial Products,1823.4,Midwest,Amanda Clark
TXN-00737,2025-04-21,Silverstone Medical,Industrial Products,8293.58,Midwest,Karen Nelson
TXN-00738,2025-04-22,Canyon Construction,Technical Services,19153.7,Northeast,Laura Wright
TXN-00739,2025-04-22,Delta Healthcare,Industrial Products,4479.78,South,Karen Nelson
TXN-00740,2025-04-22,Apex Manufacturing,Industrial Products,10329.47,Northeast,Emily Taylor
TXN-00741,2025-04-22,Apex Manufacturing,Industrial Products,14251.99,Northeast,Sarah Chen
TXN-00742,2025-04-23,Liberty Healthcare,Safety & Compliance,3660.29,Northeast,Laura Wright
TXN-00743,2025-04-23,Evergreen Chemical,Safety & Compliance,7974.62,Midwest,Laura Wright
TXN-00744,2025-04-24,Vertex Energy,Industrial Products,10785.42,South,Sarah Chen
TXN-00745,2025-04-24,Ironclad Industries,Safety & Compliance,28281.63,West,Sarah Chen
TXN-00746,2025-04-24,Upland Chemical,Technical Services,4212.82,Northeast,Laura Wright
TXN-00747,2025-04-24,Harbor Foods,Technical Services,4041.07,Midwest,Emily Taylor
TXN-00748,2025-04-24,Cascade Power,Safety & Compliance,35144.28,Midwest,Karen Nelson
TXN-00749,2025-04-25,Ironclad Industries,Safety & Compliance,21891.23,Midwest,Laura Wright
TXN-00750,2025-04-25,Noble Transport,Technical Services,15973.14,South,Karen Nelson
TXN-00751,2025-04-25,Highland Energy,Technical Services,8649.44,Northeast,Laura Wright
TXN-00752,2025-04-26,Gateway Mining,Safety & Compliance,26502.86,South,Laura Wright
TXN-00753,2025-04-29,Eagle Transport,Technical Services,3340.48,South,Amanda Clark
TXN-00754,2025-04-29,Lakeview Medical,Technical Services,7630.03,West,Karen Nelson
TXN-00755,2025-04-30,Imperial Manufacturing,Safety & Compliance,4015.38,South,Emily Taylor
TXN-00756,2025-05-02,Vertex Energy,Industrial Products,12880.58,Northeast,Emily Taylor
TXN-00757,2025-05-03,Highland Energy,Technical Services,5084.19,South,Karen Nelson
TXN-00758,2025-05-06,Noble Transport,Technical Services,6906.68,Midwest,Emily Taylor
TXN-00759,2025-05-06,Vanguard Mining,Technical Services,15937.94,Northeast,Karen Nelson
TXN-00760,2025-05-07,Maverick Chemical,Safety & Compliance,12041.1,Midwest,Emily Taylor
TXN-00761,2025-05-08,Imperial Manufacturing,Industrial Products,4510.04,Northeast,Amanda Clark
TXN-00762,2025-05-09,Harbor Foods,Technical Services,21700.4,South,Emily Taylor
TXN-00763,2025-05-09,Summit Construction,Industrial Products,11404.86,Northeast,Laura Wright
TXN-00764,2025-05-10,Keller Construction,Technical Services,3922.17,South,Karen Nelson
TXN-00765,2025-05-11,Apex Manufacturing,Technical Services,2801.27,Northeast,Sarah Chen
TXN-00766,2025-05-12,Keller Construction,Safety & Compliance,7821.15,Northeast,Sarah Chen
TXN-00767,2025-05-14,Canyon Construction,Industrial Products,18395.05,West,Karen Nelson
TXN-00768,2025-05-15,Pacific Transport,Technical Services,16326.95,South,Amanda Clark
TXN-00769,2025-05-15,Keller Construction,Industrial Products,10774.46,Midwest,Emily Taylor
TXN-00770,2025-05-17,Eagle Transport,Safety & Compliance,8424.84,South,Amanda Clark
TXN-00771,2025-05-18,Apex Manufacturing,Safety & Compliance,30224.07,South,Amanda Clark
TXN-00772,2025-05-18,Quest Manufacturing,Safety & Compliance,35930.88,West,Karen Nelson
TXN-00773,2025-05-18,Eagle Transport,Safety & Compliance,10372.06,Northeast,Sarah Chen
TXN-00774,2025-05-18,Ironclad Industries,Safety & Compliance,4700.84,Northeast,Karen Nelson
TXN-00775,2025-05-19,Quest Manufacturing,Industrial Products,13703.02,South,Amanda Clark
TXN-00776,2025-05-19,Canyon Construction,Industrial Products,9488.54,Northeast,Emily Taylor
TXN-00777,2025-05-20,Zephyr Transport,Technical Services,4955.95,South,Laura Wright
TXN-00778,2025-05-20,Upland Chemical,Safety & Compliance,12369.62,South,Laura Wright
TXN-00779,2025-05-21,Oakridge Chemical,Safety & Compliance,4660.82,Midwest,Emily Taylor
TXN-00780,2025-05-21,Pacific Transport,Industrial Products,1368.01,South,Laura Wright
TXN-00781,2025-05-22,Northwind Construction,Safety & Compliance,1062.6,South,Sarah Chen
TXN-00782,2025-05-22,Yellowstone Energy,Technical Services,4915.57,Midwest,Laura Wright
TXN-00783,2025-05-23,BlueStar Energy,Technical Services,9182.94,Northeast,Emily Taylor
TXN-00784,2025-05-24,Frontier Chemical,Technical Services,7808.27,South,Sarah Chen
TXN-00785,2025-05-24,Keystone Materials,Technical Services,9076.72,Midwest,Amanda Clark
TXN-00786,2025-05-24,Apex Manufacturing,Industrial Products,6587.41,South,Karen Nelson
TXN-00787,2025-05-24,Apex Manufacturing,Industrial Products,12681.49,South,Laura Wright
TXN-00788,2025-05-25,Xenon Industries,Industrial Products,3642.95,Northeast,Karen Nelson
TXN-00789,2025-05-26,Zephyr Transport,Technical Services,8926.38,South,Karen Nelson
TXN-00790,2025-05-26,Ironclad Industries,Safety & Compliance,13198.35,Midwest,Emily Taylor
TXN-00791,2025-05-26,Titan Healthcare,Safety & Compliance,3692.26,Northeast,Amanda Clark
TXN-00792,2025-05-28,Jetstream Logistics,Safety & Compliance,3211.83,Midwest,Amanda Clark
TXN-00793,2025-05-29,Noble Transport,Industrial Products,3444.73,West,Sarah Chen
TXN-00794,2025-05-29,Ridgeline Construction,Industrial Products,1463.03,Midwest,Emily Taylor
TXN-00795,2025-05-29,Pinnacle Energy,Technical Services,5518.37,South,Sarah Chen
TXN-00796,2025-05-29,Windward Foods,Industrial Products,14346.61,South,Laura Wright
TXN-00797,2025-05-30,Granite Industries,Industrial Products,7636.79,South,Karen Nelson
TXN-00798,2025-05-30,Maverick Chemical,Industrial Products,8492.35,South,Sarah Chen
TXN-00799,2025-05-30,Apex Manufacturing,Industrial Products,7915.78,Northeast,Karen Nelson
TXN-00800,2025-05-31,Eagle Transport,Industrial Products,4657.79,Midwest,Emily Taylor
TXN-00801,2025-05-31,Upland Chemical,Industrial Products,1449.79,Northeast,Laura Wright
TXN-00802,2025-05-31,Canyon Construction,Industrial Products,15168.48,Northeast,Emily Taylor
TXN-00803,2025-05-31,Beacon Medical,Industrial Products,18660.1,Midwest,Laura Wright
TXN-00804,2025-06-01,Delta Healthcare,Technical Services,5430.55,Midwest,Laura Wright
TXN-00805,2025-06-03,Jetstream Logistics,Technical Services,6104.69,South,Karen Nelson
TXN-00806,2025-06-03,Evergreen Chemical,Technical Services,8044.33,West,Emily Taylor
TXN-00807,2025-06-03,Summit Construction,Industrial Products,10732.49,South,Emily Taylor
TXN-00808,2025-06-04,Jetstream Logistics,Industrial Products,31316.95,Midwest,Sarah Chen
TXN-00809,2025-06-04,Gateway Mining,Technical Services,23566.82,Midwest,Emily Taylor
TXN-00810,2025-06-05,Jetstream Logistics,Industrial Products,22103.37,South,Amanda Clark
TXN-00811,2025-06-05,Canyon Construction,Technical Services,14382.0,Midwest,Amanda Clark
TXN-00812,2025-06-05,Maverick Chemical,Technical Services,5858.87,Midwest,Sarah Chen
TXN-00813,2025-06-06,Ridgeline Construction,Safety & Compliance,10980.97,Northeast,Amanda Clark
TXN-00814,2025-06-07,Noble Transport,Industrial Products,9687.21,Midwest,Emily Taylor
TXN-00815,2025-06-08,Ironclad Industries,Technical Services,11316.79,Northeast,Emily Taylor
TXN-00816,2025-06-09,Highland Energy,Technical Services,3923.99,West,Sarah Chen
TXN-00817,2025-06-09,Liberty Healthcare,Technical Services,5188.37,Northeast,Laura Wright
TXN-00818,2025-06-10,Quest Manufacturing,Industrial Products,4150.96,South,Sarah Chen
TXN-00819,2025-06-11,Redwood Energy,Industrial Products,8805.51,South,Amanda Clark
TXN-00820,2025-06-12,Delta Healthcare,Safety & Compliance,8388.69,Northeast,Sarah Chen
TXN-00821,2025-06-12,Eagle Transport,Industrial Products,4194.4,Midwest,Laura Wright
TXN-00822,2025-06-12,Frontier Chemical,Industrial Products,7105.73,Midwest,Emily Taylor
TXN-00823,2025-06-13,Frontier Chemical,Technical Services,9592.05,South,Sarah Chen
TXN-00824,2025-06-13,Harbor Foods,Safety & Compliance,1107.83,West,Emily Taylor
TXN-00825,2025-06-13,Vanguard Mining,Industrial Products,11801.7,Midwest,Sarah Chen
TXN-00826,2025-06-13,Apex Manufacturing,Safety & Compliance,44985.32,West,Amanda Clark
TXN-00827,2025-06-13,Yellowstone Energy,Industrial Products,18208.69,West,Amanda Clark
TXN-00828,2025-06-16,Pinnacle Energy,Safety & Compliance,21610.63,Midwest,Laura Wright
TXN-00829,2025-06-18,Lakeview Medical,Safety & Compliance,3334.32,South,Emily Taylor
TXN-00830,2025-06-19,BlueStar Energy,Technical Services,15116.91,South,Sarah Chen
TXN-00831,2025-06-19,Liberty Healthcare,Industrial Products,6705.52,Midwest,Karen Nelson
TXN-00832,2025-06-19,Apex Manufacturing,Industrial Products,23388.37,Northeast,Amanda Clark
TXN-00833,2025-06-21,Evergreen Chemical,Industrial Products,11197.05,South,Laura Wright
TXN-00834,2025-06-24,Highland Energy,Technical Services,4594.2,South,Laura Wright
TXN-00835,2025-06-24,Harbor Foods,Industrial Products,7935.33,South,Laura Wright
TXN-00836,2025-06-25,Liberty Healthcare,Industrial Products,7071.91,West,Amanda Clark
TXN-00837,2025-06-27,Pacific Transport,Industrial Products,8444.07,South,Sarah Chen
